full_name,first_name,last_name,age
Sioux Aldie,Sioux,Aldie,13
Kendrick Westmerland,Kendrick,Westmerland,88
Katie Hattigan,Katie,Hattigan,90
Roland Welband,Roland,Welband,25
Amber Bennitt,Amber,Bennitt,67
Ingeborg Pool,Ingeborg,Pool,54
Andres Docharty,Andres,Docharty,9
Conrad Elcom,Conrad,Elcom,86
Roddie Witherow,Roddie,Witherow,19
Lexine Hodjetts,Lexine,Hodjetts,86
Michelina Ridde,Michelina,Ridde,74
Shel Negus,Shel,Negus,77
Moll Halliday,Moll,Halliday,55
Ilse Cardillo,Ilse,Cardillo,85
Kenny Wilfing,Kenny,Wilfing,60
Boot Climo,Boot,Climo,29
Neda Figger,Neda,Figger,57
Gilles Bottleson,Gilles,Bottleson,66
Nappie Legh,Nappie,Legh,67
Essy Ricard,Essy,Ricard,17
Felix Westcarr,Felix,Westcarr,71
Ximenes Lorrimer,Ximenes,Lorrimer,66
Kinny Ferdinand,Kinny,Ferdinand,94
Modestia Ten Broek,Modestia,Ten Broek,88
Noni Tytler,Noni,Tytler,87
Salim Rowter,Salim,Rowter,67
Chaddy Mayers,Chaddy,Mayers,83
Theodoric Morgen,Theodoric,Morgen,11
Johnathan Brodnecke,Johnathan,Brodnecke,30
Tobye Januszewski,Tobye,Januszewski,44
Inness Tremethack,Inness,Tremethack,61
Hilary Tuma,Hilary,Tuma,98
Germayne Tindall,Germayne,Tindall,25
Tiffi Tomblings,Tiffi,Tomblings,93
Dionysus Craske,Dionysus,Craske,97
Dorri Dericot,Dorri,Dericot,79
Kristofor Gaddes,Kristofor,Gaddes,33
Walker Broke,Walker,Broke,17
Sallie Sambrook,Sallie,Sambrook,49
Farleigh Terrell,Farleigh,Terrell,8
Wendel Shory,Wendel,Shory,84
Lance Batkin,Lance,Batkin,26
Norma Anchor,Norma,Anchor,37
Geraldine Bastow,Geraldine,Bastow,65
Flori Birden,Flori,Birden,27
Rory Brundrett,Rory,Brundrett,76
Ermentrude Tynemouth,Ermentrude,Tynemouth,21
Trey Vowles,Trey,Vowles,47
Jacquetta Ullyatt,Jacquetta,Ullyatt,87
Isaak Lindeberg,Isaak,Lindeberg,22
Der Govini,Der,Govini,39
Noach Bizley,Noach,Bizley,54
Selia Housin,Selia,Housin,22
Bride Buckwell,Bride,Buckwell,47
Cookie Algie,Cookie,Algie,54
Hildagarde Rosendale,Hildagarde,Rosendale,79
Malorie Fortnon,Malorie,Fortnon,50
Electra Minmagh,Electra,Minmagh,90
Brandy Davidde,Brandy,Davidde,89
Wilie McOnie,Wilie,McOnie,90
Jonathan Vanstone,Jonathan,Vanstone,73
Keelby McLorinan,Keelby,McLorinan,17
Everett Orwell,Everett,Orwell,19
Randi Swiggs,Randi,Swiggs,96
Bernardo Vyse,Bernardo,Vyse,57
Melonie Roome,Melonie,Roome,80
Phillipp Smallwood,Phillipp,Smallwood,49
Melinde Rodders,Melinde,Rodders,65
Mead Nand,Mead,Nand,60
Jillayne Stirrup,Jillayne,Stirrup,51
Wyndham Nutt,Wyndham,Nutt,14
Emiline Rooson,Emiline,Rooson,31
Anatol Titchard,Anatol,Titchard,41
Lesly Idale,Lesly,Idale,77
Zarla Botright,Zarla,Botright,48
Melanie McKain,Melanie,McKain,5
Leroi Dietz,Leroi,Dietz,12
Yoshi McChruiter,Yoshi,McChruiter,68
Jonis Mertin,Jonis,Mertin,3
Eva Priddy,Eva,Priddy,60
Yurik Goudge,Yurik,Goudge,70
Brant Fedder,Brant,Fedder,2
Gilburt Ruger,Gilburt,Ruger,74
Shari Kearley,Shari,Kearley,24
Cindee Dupree,Cindee,Dupree,12
Ferdy Shippey,Ferdy,Shippey,58
Chandra Wintle,Chandra,Wintle,9
Tyson Cisco,Tyson,Cisco,82
Bree Grady,Bree,Grady,4
Sada Willstrop,Sada,Willstrop,8
Ross Potkins,Ross,Potkins,51
Katherine Allderidge,Katherine,Allderidge,98
Kathye Houdmont,Kathye,Houdmont,87
Elaine Woolmington,Elaine,Woolmington,78
Blondie McCaskill,Blondie,McCaskill,17
Isaak Petrol,Isaak,Petrol,80
Holli Nunes Nabarro,Holli,Nunes Nabarro,10
Eldin Hierro,Eldin,Hierro,61
Florentia Fuzzens,Florentia,Fuzzens,92
Matthieu Keling,Matthieu,Keling,28
