full_name,first_name,last_name,age
Nanine Venus,Nanine,Venus,61
Iolanthe Eayres,Iolanthe,Eayres,78
Lamont Riddlesden,Lamont,Riddlesden,72
Zoe McCaughran,Zoe,McCaughran,37
Papagena Coutthart,Papagena,Coutthart,65
Miranda Kermit,Miranda,Kermit,89
Nanny Arrigo,Nanny,Arrigo,22
Karel Stirtle,Karel,Stirtle,96
Wyn Atcheson,Wyn,Atcheson,22
Pincus Leader,Pincus,Leader,10
Jackqueline Costanza,Jackqueline,Costanza,15
Florida Turpin,Florida,Turpin,36
Vassili Yukhnevich,Vassili,Yukhnevich,31
Bette-ann Larmor,Bette-ann,Larmor,10
Yvonne Dancey,Yvonne,Dancey,69
Ulrika Jozsef,Ulrika,Jozsef,12
Dael Keward,Dael,Keward,5
Yvette Sawden,Yvette,Sawden,96
Mirabelle Luttger,Mirabelle,Luttger,50
Millard Rizzello,Millard,Rizzello,53
Persis Kerfoot,Persis,Kerfoot,69
Conchita Pointon,Conchita,Pointon,68
Marshall Swalteridge,Marshall,Swalteridge,48
Nell Schrir,Nell,Schrir,4
Regine Mussard,Regine,Mussard,14
Rosalind Pattle,Rosalind,Pattle,27
Kayle Rickeard,Kayle,Rickeard,11
Gav Finnis,Gav,Finnis,38
Malinde Shewan,Malinde,Shewan,60
Caz Standing,Caz,Standing,73
Orv Krojn,Orv,Krojn,30
Royall Yetton,Royall,Yetton,26
Bat Cleever,Bat,Cleever,38
Livvy Simanek,Livvy,Simanek,3
Rustin Boatswain,Rustin,Boatswain,83
Stefa Bissatt,Stefa,Bissatt,97
Roselia Kornel,Roselia,Kornel,80
Jedd Guilford,Jedd,Guilford,26
Nissie Garvill,Nissie,Garvill,67
Maryanna Leney,Maryanna,Leney,52
Maisey Cockerham,Maisey,Cockerham,27
Darsie Terbeek,Darsie,Terbeek,89
Vonni Hames,Vonni,Hames,36
Calley Jirus,Calley,Jirus,86
Bernete Birkbeck,Bernete,Birkbeck,47
De Casford,De,Casford,96
Kathi Brocklehurst,Kathi,Brocklehurst,56
Godwin Slemmonds,Godwin,Slemmonds,88
Christye Churly,Christye,Churly,84
Perla Payton,Perla,Payton,5
Bernardine Clowser,Bernardine,Clowser,9
Fey Langstone,Fey,Langstone,38
Sholom Inkster,Sholom,Inkster,21
Gwenni Mansell,Gwenni,Mansell,49
Caria Kalaher,Caria,Kalaher,63
Jacqueline Lundy,Jacqueline,Lundy,18
Barney Braidon,Barney,Braidon,11
Melanie Rambadt,Melanie,Rambadt,76
Boigie Massel,Boigie,Massel,61
Carley McDonagh,Carley,McDonagh,77
Deloris Bunn,Deloris,Bunn,78
Case Skegg,Case,Skegg,76
Jase Gendricke,Jase,Gendricke,67
Melisa Fillan,Melisa,Fillan,65
Cayla Questier,Cayla,Questier,90
Emanuele Pawels,Emanuele,Pawels,62
Grady Jewel,Grady,Jewel,55
Frannie Proschke,Frannie,Proschke,77
Ewen Wigan,Ewen,Wigan,54
Kalle Stenning,Kalle,Stenning,88
Tanner Sheere,Tanner,Sheere,11
Cirstoforo Christofol,Cirstoforo,Christofol,80
Joyce Hulmes,Joyce,Hulmes,49
Camey Stroobant,Camey,Stroobant,73
Marcello Whittam,Marcello,Whittam,13
Hirsch Braunton,Hirsch,Braunton,20
Christophorus Troop,Christophorus,Troop,31
Sonnie Haslock(e),Sonnie,Haslock(e),61
Damiano Scobbie,Damiano,Scobbie,17
Ema Hefferan,Ema,Hefferan,1
Arlen Firle,Arlen,Firle,84
Willamina Gillions,Willamina,Gillions,59
Jonathan Itchingham,Jonathan,Itchingham,46
Jorgan Lasty,Jorgan,Lasty,54
Chelsie McCuthais,Chelsie,McCuthais,37
Gretchen Bodicum,Gretchen,Bodicum,7
Broddie Liepina,Broddie,Liepina,5
Lucias Delnevo,Lucias,Delnevo,16
Kippie Considine,Kippie,Considine,11
Eloisa Winny,Eloisa,Winny,94
Charlot Owers,Charlot,Owers,85
Bidget Venton,Bidget,Venton,48
Cull Singyard,Cull,Singyard,81
Briney de Copeman,Briney,de Copeman,61
Kalinda Rawle,Kalinda,Rawle,91
Laureen Jewsbury,Laureen,Jewsbury,96
Shep Booler,Shep,Booler,56
Rikki Eglinton,Rikki,Eglinton,73
Roxine Tavernor,Roxine,Tavernor,42
Vasilis Dabell,Vasilis,Dabell,53
