full_name,first_name,last_name,age
Sophey Carette,Sophey,Carette,26
Lucien Tointon,Lucien,Tointon,2
Yolande Boness,Yolande,Boness,53
Opaline Scourgie,Opaline,Scourgie,83
Franni McIlory,Franni,McIlory,19
Rhonda Paridge,Rhonda,Paridge,27
Timmy Ganiclef,Timmy,Ganiclef,29
Kathi Maloney,Kathi,Maloney,94
Koo Ainslee,Koo,Ainslee,71
Dex Ibbetson,Dex,Ibbetson,72
Tally Slym,Tally,Slym,62
Aron Yurikov,Aron,Yurikov,66
Forrest Robelet,Forrest,Robelet,91
Stirling Billborough,Stirling,Billborough,14
Camile Goodayle,Camile,Goodayle,55
Jean Abatelli,Jean,Abatelli,15
Rubia Pohlke,Rubia,Pohlke,68
Roch Aronoff,Roch,Aronoff,23
Veda Hallut,Veda,Hallut,8
Eugene Scudders,Eugene,Scudders,74
Madge Roset,Madge,Roset,62
Berta Monteith,Berta,Monteith,29
Ardath Vasile,Ardath,Vasile,40
Jacquelyn Defty,Jacquelyn,Defty,22
Jojo Royal,Jojo,Royal,82
Benedikta Riccard,Benedikta,Riccard,8
Essie Jacquemy,Essie,Jacquemy,44
Mela Dixsee,Mela,Dixsee,30
Rowe McIlwraith,Rowe,McIlwraith,5
Kelcie Karolczyk,Kelcie,Karolczyk,56
Berthe Dorn,Berthe,Dorn,25
Hewett Screach,Hewett,Screach,20
Baryram Frostdyke,Baryram,Frostdyke,69
Lizzie Aikman,Lizzie,Aikman,64
Amory Gryglewski,Amory,Gryglewski,76
Gerianna Gresly,Gerianna,Gresly,40
Caye Opy,Caye,Opy,48
Alfie Juliano,Alfie,Juliano,100
Trina Renzullo,Trina,Renzullo,55
Dunc Bernhard,Dunc,Bernhard,54
Langston McMurray,Langston,McMurray,18
Aristotle Lewerenz,Aristotle,Lewerenz,17
Kathleen Leipnik,Kathleen,Leipnik,13
Cloe Sidwick,Cloe,Sidwick,71
Nadeen Pople,Nadeen,Pople,67
Hilliard Hathaway,Hilliard,Hathaway,89
Morty Lovstrom,Morty,Lovstrom,12
Jayme Shilito,Jayme,Shilito,26
Alysa Gouly,Alysa,Gouly,95
Willard Heathwood,Willard,Heathwood,64
Thaine Verduin,Thaine,Verduin,1
Harrie Gaish,Harrie,Gaish,80
Kirstin Andraud,Kirstin,Andraud,66
Nicholas Dows,Nicholas,Dows,38
Rosalind Brunone,Rosalind,Brunone,91
Drake Fibben,Drake,Fibben,75
Jerrilee Andrivel,Jerrilee,Andrivel,79
Berna Osban,Berna,Osban,27
Vasilis Collyear,Vasilis,Collyear,100
Freda Akast,Freda,Akast,13
Ash Bostock,Ash,Bostock,85
Pansie Amberson,Pansie,Amberson,47
Selestina Ary,Selestina,Ary,70
Jecho Kilborn,Jecho,Kilborn,24
Allayne Havoc,Allayne,Havoc,55
Tabbie Alabastar,Tabbie,Alabastar,34
Marmaduke Danielot,Marmaduke,Danielot,74
Kip Sudworth,Kip,Sudworth,59
Anton Heathcoat,Anton,Heathcoat,9
Sean Nevill,Sean,Nevill,85
Pennie Musico,Pennie,Musico,11
Meggi Dreakin,Meggi,Dreakin,10
Leonore Waddilove,Leonore,Waddilove,95
Querida Balasini,Querida,Balasini,23
Derk O'Lyhane,Derk,O'Lyhane,90
Klara Lasselle,Klara,Lasselle,16
Chiarra Cholmondeley,Chiarra,Cholmondeley,19
Evangeline Kaley,Evangeline,Kaley,60
Aubry McKevin,Aubry,McKevin,90
Eadith Norkutt,Eadith,Norkutt,47
Denver Dakin,Denver,Dakin,58
Candida Monaghan,Candida,Monaghan,85
Georgetta Yurlov,Georgetta,Yurlov,45
Brynna McGavigan,Brynna,McGavigan,39
Arvin Ruddock,Arvin,Ruddock,7
Cynthy Linny,Cynthy,Linny,47
Barnett Burr,Barnett,Burr,100
Abey Balls,Abey,Balls,31
Hesther Origin,Hesther,Origin,29
Robinson Dohmann,Robinson,Dohmann,95
Gabriela Tuff,Gabriela,Tuff,33
Ruprecht Ithell,Ruprecht,Ithell,36
Eadie Millott,Eadie,Millott,73
Kalvin Penylton,Kalvin,Penylton,89
Pauli Larkworthy,Pauli,Larkworthy,26
Alexia Howden,Alexia,Howden,60
Elmer Commusso,Elmer,Commusso,35
Leeland Comer,Leeland,Comer,38
Nappy Enga,Nappy,Enga,24
Odelia Land,Odelia,Land,48
